{
  "parent": "minecraft:block/block",
  "elements": [
    {
      "faces": {
        "down": {
          "cullface": "down",
          "texture": "#flowerpot"
        },
        "east": {
          "texture": "#flowerpot"
        },
        "north": {
          "texture": "#flowerpot"
        },
        "south": {
          "texture": "#flowerpot"
        },
        "up": {
          "texture": "#flowerpot"
        },
        "west": {
          "texture": "#flowerpot"
        }
      },
      "from": [
        5,
        0,
        5
      ],
      "to": [
        6,
        6,
        11
      ]
    },
    {
      "faces": {
        "down": {
          "cullface": "down",
          "texture": "#flowerpot"
        },
        "east": {
          "texture": "#flowerpot"
        },
        "north": {
          "texture": "#flowerpot"
        },
        "south": {
          "texture": "#flowerpot"
        },
        "up": {
          "texture": "#flowerpot"
        },
        "west": {
          "texture": "#flowerpot"
        }
      },
      "from": [
        10,
        0,
        5
      ],
      "to": [
        11,
        6,
        11
      ]
    },
    {
      "faces": {
        "down": {
          "cullface": "down",
          "texture": "#flowerpot"
        },
        "north": {
          "texture": "#flowerpot"
        },
        "south": {
          "texture": "#flowerpot"
        },
        "up": {
          "texture": "#flowerpot"
        }
      },
      "from": [
        6,
        0,
        5
      ],
      "to": [
        10,
        6,
        6
      ]
    },
    {
      "faces": {
        "down": {
          "cullface": "down",
          "texture": "#flowerpot"
        },
        "north": {
          "texture": "#flowerpot"
        },
        "south": {
          "texture": "#flowerpot"
        },
        "up": {
          "texture": "#flowerpot"
        }
      },
      "from": [
        6,
        0,
        10
      ],
      "to": [
        10,
        6,
        11
      ]
    },
    {
      "faces": {
        "down": {
          "cullface": "down",
          "texture": "#flowerpot",
          "uv": [
            6.0,
            12.0,
            10.0,
            16.0
          ]
        },
        "up": {
          "texture": "#dirt"
        }
      },
      "from": [
        6,
        0,
        6
      ],
      "to": [
        10,
        4,
        10
      ]
    },
    {
      "faces": {
        "north": {
          "texture": "#stem",
          "uv": [
            0.0,
            4.0,
            16.0,
            16.0
          ]
        },
        "south": {
          "texture": "#stem",
          "uv": [
            0.0,
            4.0,
            16.0,
            16.0
          ]
        }
      },
      "from": [
        1,
        4,
        8
      ],
      "rotation": {
        "angle": 45.0,
        "axis": "y",
        "origin": [
          8,
          8,
          8
        ]
      },
      "to": [
        15,
        16,
        8
      ]
    },
    {
      "faces": {
        "east": {
          "texture": "#stem",
          "uv": [
            0.0,
            4.0,
            16.0,
            16.0
          ]
        },
        "west": {
          "texture": "#stem",
          "uv": [
            0.0,
            4.0,
            16.0,
            16.0
          ]
        }
      },
      "from": [
        8,
        4,
        1
      ],
      "rotation": {
        "angle": 45.0,
        "axis": "y",
        "origin": [
          8,
          8,
          8
        ]
      },
      "to": [
        8,
        16,
        15
      ]
    },
    {
      "faces": {
        "down": {
          "texture": "#bush"
        },
        "east": {
          "texture": "#bush",
          "uv": [
            3.0,
            3.0,
            13.0,
            13.0
          ]
        },
        "north": {
          "texture": "#bush",
          "uv": [
            3.0,
            3.0,
            13.0,
            13.0
          ]
        },
        "south": {
          "texture": "#bush",
          "uv": [
            3.0,
            3.0,
            13.0,
            13.0
          ]
        },
        "up": {
          "texture": "#bush"
        },
        "west": {
          "texture": "#bush",
          "uv": [
            3.0,
            3.0,
            13.0,
            13.0
          ]
        }
      },
      "from": [
        3,
        6,
        3
      ],
      "to": [
        13,
        16,
        13
      ]
    }
  ],
  "render_type": "minecraft:cutout",
  "textures": {
    "bush": "biomesoplenty:block/lavender_bush",
    "dirt": "minecraft:block/dirt",
    "flowerpot": "minecraft:block/flower_pot",
    "particle": "minecraft:block/flower_pot",
    "stem": "biomesoplenty:block/lavender_bush_stem"
  }
}